<?xml version="1.0" encoding="utf-8"?>
<dleplugin>
	<name>uniform</name>
	<description>DLE-UniForm - Универсальные формы обратной связи для DataLife Engine</description>
	<icon></icon>
	<version>2.0.0</version>
	<dleversion>13</dleversion>
	<versioncompare>greater</versioncompare>
	<upgradeurl>https://updates.pafnuty.name/check-uniform.php</upgradeurl>
	<filedelete>0</filedelete>
	<needplugin></needplugin>
	<mnotice>1</mnotice>
	<mysqlinstall><![CDATA[]]></mysqlinstall>
	<mysqlupgrade><![CDATA[]]></mysqlupgrade>
	<mysqlenable><![CDATA[]]></mysqlenable>
	<mysqldisable><![CDATA[]]></mysqldisable>
	<mysqldelete><![CDATA[]]></mysqldelete>
	<phpinstall><![CDATA[]]></phpinstall>
	<phpupgrade><![CDATA[]]></phpupgrade>
	<phpenable><![CDATA[]]></phpenable>
	<phpdisable><![CDATA[]]></phpdisable>
	<phpdelete><![CDATA[]]></phpdelete>
	<notice><![CDATA[<a href="https://github.com/dle-modules/DLE-UniForm/releases/latest" terget="_blank">Release notes</a>]]></notice>
</dleplugin>